nombre,apellidos,id,Grado,Tfg
Nombre1,ApellidoNombre1,correo1@gmail.com,-1,-1
Nombre2,ApellidoNombre2,correo2@gmail.com,-1,-1
Nombre3,ApellidoNombre3,correo3@gmail.com,-1,-1
Nombre4,ApellidoNombre4,correo4@gmail.com,-1,-1
Nombre5,ApellidoNombre5,correo5@gmail.com,-1,-1
Nombre6,ApellidoNombre6,correo6@gmail.com,-1,-1
Nombre7,ApellidoNombre7,correo7@gmail.com,-1,-1
Nombre8,ApellidoNombre8,correo8@gmail.com,-1,-1
Nombre9,ApellidoNombre9,correo9@gmail.com,-1,-1
Nombre10,ApellidoNombre10,correo10@gmail.com,-1,-1
Nombre11,ApellidoNombre11,correo11@gmail.com,-1,-1
Nombre12,ApellidoNombre12,correo12@gmail.com,-1,-1
Nombre13,ApellidoNombre13,correo13@gmail.com,-1,-1
Nombre14,ApellidoNombre14,correo14@gmail.com,-1,-1
Nombre15,ApellidoNombre15,correo15@gmail.com,-1,-1
Nombre16,ApellidoNombre16,correo16@gmail.com,-1,-1
Nombre17,ApellidoNombre17,correo17@gmail.com,-1,-1
Nombre18,ApellidoNombre18,correo18@gmail.com,-1,-1
Nombre19,ApellidoNombre19,correo19@gmail.com,-1,-1
Nombre20,ApellidoNombre20,correo20@gmail.com,-1,-1
Nombre21,ApellidoNombre21,correo21@gmail.com,-1,-1
Nombre22,ApellidoNombre22,correo22@gmail.com,-1,-1
Nombre23,ApellidoNombre23,correo23@gmail.com,-1,-1
Nombre24,ApellidoNombre24,correo24@gmail.com,-1,-1
Nombre25,ApellidoNombre25,correo25@gmail.com,-1,-1
Nombre26,ApellidoNombre26,correo26@gmail.com,-1,-1
Nombre27,ApellidoNombre27,correo27@gmail.com,-1,-1
Nombre28,ApellidoNombre28,correo28@gmail.com,-1,-1
Nombre29,ApellidoNombre29,correo29@gmail.com,-1,-1
Nombre30,ApellidoNombre30,correo30@gmail.com,-1,-1
